{
  "paleto": {
    "x": -145.2199249267578,
    "y": 6215.0498046875,
    "z": 31.267776489257812
  },
  "sandyshore": {
    "x": 1918.8316650390625,
    "y": 3711.281494140625,
    "z": 32.5450439453125
  },
  "grapeseed": {
    "x": 1684.5570068359375,
    "y": 4790.30712890625,
    "z": 41.94158172607422
  },
  "jetsam": {
    "x": 755.7267456054688,
    "y": -2996.58251953125,
    "z": 5.840845108032227,
    "heading": 31.36114501953125
  },
  "bilgeco": {
    "x": 812.3445434570312,
    "y": -3196.414306640625,
    "z": 5.963107585906982,
    "heading": 20.054656982421875
  },
  "krapea": {
    "x": 324.45037841796875,
    "y": -775.3739624023438,
    "z": 29.33172607421875
  },
  "jetsam_office": {
    "x": -252.3487091064453,
    "y": 6144.09228515625,
    "z": 31.224184036254883
  },
  "bileco_airport": {
    "x": -885.3655395507812,
    "y": -2730.10302734375,
    "z": 13.828490257263184
  },
  "jetsam_airport": {
    "x": -788.6807250976562,
    "y": -2545.958740234375,
    "z": 13.971108436584473
  },
  "bileco_terminal": {
    "x": -1078.1497802734375,
    "y": -2046.386474609375,
    "z": 13.031017303466797
  }
}